<?xml version="1.0" encoding="UTF-8"?>
<users>
  <user id="1">
    <firstName>Max</firstName>
    <lastName>Verstapen</lastName>
    <number>1</number>
    <age>25</age>
  </user>
  <user id="2">
    <firstName>Logan</firstName>
    <lastName>Sargent</lastName>
    <number>2</number>
    <age>22</age>
    </user>
  <user id="3">
    <firstName>Lando</firstName>
    <lastName>Noris</lastName>
    <number>4</number>
    <age>23</age>
  </user>
  <user id="4">
    <firstName>Pierre</firstName>
    <lastName>Gasly</lastName>
    <number>10</number>
    <age>27</age>
  </user>
  <user id="5">
    <firstName>Sergio</firstName>
    <lastName>Perez</lastName>
    <number>11</number>
    <age>33</age>
  </user>
  <user id="6">
    <firstName>Fernando</firstName>
    <lastName>Alonso</lastName>
    <number>14</number>
    <age>41</age>
  </user>
  <user id="7">
    <firstName>Charles</firstName>
    <lastName>Leclerc</lastName>
    <number>16</number>
    <age>25</age>
  </user>
  <user id="8">
    <firstName>Lance</firstName>
    <lastName>Stroll</lastName>
    <number>18</number>
    <age>24</age>
  </user>
  <user id="9">
    <firstName>Kevin</firstName>
    <lastName>Magnusen</lastName>
    <number>20</number>
    <age>30</age>
  </user>
  <user id="10">
    <firstName>Nick</firstName>
    <lastName>de Vries</lastName>
    <number>21</number>
    <age>28</age>
  </user>
  <user id="11">
    <firstName>Yuki</firstName>
    <lastName>Tsunoda</lastName>
    <number>22</number>
    <age>23</age>
  </user>
  <user id="12">
    <firstName>Alex</firstName>
    <lastName>Albon</lastName>
    <number>23</number>
    <age>27</age>
  </user>
  <user id="13">
    <firstName>Zho</firstName>
    <lastName>Guanyu</lastName>
    <number>24</number>
    <age>24</age>
  </user>
  <user id="14">
    <firstName>Nico</firstName>
    <lastName>Hulkenberg</lastName>
    <number>27</number>
    <age>35</age>
  </user>
  <user id="15">
    <firstName>Esteban</firstName>
    <lastName>Ocon</lastName>
    <number>31</number>
    <age>26</age>
  </user>
  <user id="16">
    <firstName>Lewis</firstName>
    <lastName>Hamilton</lastName>
    <number>44</number>
    <age>38</age>
  </user>
  <user id="17">
    <firstName>Carlos</firstName>
    <lastName>Sainz</lastName>
    <number>55</number>
    <age>28</age>
  </user>
  <user id="18">
    <firstName>George</firstName>
    <lastName>Russell</lastName>
    <number>63</number>
    <age>25</age>
  </user>
  <user id="19">
    <firstName>Valteri</firstName>
    <lastName>Bottas</lastName>
    <number>77</number>
    <age>33</age>
  </user>
  <user id="20">
    <firstName>Oscar</firstName>
    <lastName>Piastri</lastName>
    <number>81</number>
    <age>22</age>
  </user>
</users>